"keyword";"count(1)"
"一一";4
"一七";1
"一三";1
"一三五";3
"一上";15
"一下";3
"一丙";4
"一乙";24
"一事";2
"一二";31
"一五";4
"一件";1
"一份";11
"一位";2
"一併";2
"一個";11
"一元";1
"一八";2
"一再";7
"一前";3
"一千元";13
"一同";5
"一定";9
"一審判決";15
"一巷";1
"一年";17
"一張";1
"一情";3
"一所";4
"一日";8
"一時";17
"一月";12
"一本";13
"一查";2
"一核";9
"一條";5
"一次";1
"一段";4
"一甲";26
"一百";1
"一節";6
"一紙";16
"一罪";1
"一聲";3
"一至";2
"一致";4
"一臺";1
"一號";13
"一行";2
"一訊據";15
"一起";2
"一輛";6
"一部";4
"一重";2
"一頁";8
"一點";4
"一點點";3
"七一";2
"七九";2
"七五";3
"七八";2
"七十二";3
"七日";8
"七時";1
"七月";9
"七條";17
"七號";5
"七頁";2
"三七";6
"三九";3
"三五";2
"三依";10
"三倍";1
"三元";1
"三八";5
"三十";2
"三十一";3
"三十一日";2
"三十五分";2
"三十倍";1
"三十分";5
"三十年";2
"三十日";9
"三千元";3
"三四";5
"三岔路口";2
"三年";12
"三日";4
"三時";4
"三月";14
"三本";6
"三查";17
"三核";9
"三案";7
"三條";26
"三次";4
"三段";3
"三百";3
"三至";6
"三臺";3
"三萬元";4
"三號";13
"三軍總醫院";1
"三重";3
"三頁";6
"三點";1
"上並";5
"上來";3
"上去";4
"上址";2
"上坡";2
"上字";16
"上情";15
"上方";3
"上級法院";4
"上肢";3
"上訴人";21
"上訴書";9
"上論";2
"上證";1
"上路";5
"上述";20
"上開";61
"下來";4
"下出";5
"下列";13
"下去";2
"下同";17
"下唇";3
"下坡";3
"下巴";3
"下方";7
"下稱";17
"下肢";7
"下雨";5
"不一";3
"不予";10
"不以";3
"不佳";9
"不依";3
"不僅";7
"不具";3
"不利";11
"不利於";10
"不到";3
"不勝酒力";3
"不及";21
"不受";2
"不可";18
"不合";6
"不同";9
"不在";3
"不宜";12
"不實";5
"不得";68
"不必";5
"不快";3
"不慎";14
"不應";4
"不明";5
"不是";13
"不會";7
"不治";7
"不法";3
"不清";5
"不當";12
"不知";12
"不知悔改";5
"不穩";7
"不符";20
"不經";33
"不致";12
"不致於";4
"不要";5
"不詳";7
"不論";3
"不諱";39
"不起訴";3
"不足";22
"不足以";4
"不過";5
"不顧";4
"且經";8
"並不";4
"並且";4
"並以";5
"並依";5
"並依同";2
"並先";1
"並其";1
"並具";1
"並受";6
"並向";3
"並告";5
"並因";1
"並在";3
"並均";3
"並定";8
"並將";4
"並就";3
"並已";7
"並得";7
"並應";8
"並所";7
"並據";3
"並於";19
"並有";35
"並未";38
"並為";3
"並無";56
"並經";11
"並自";6
"並致";1
"並與";1
"並讓";1
"並非";21
"中並";2
"中之證述";3
"中午";2
"中及";2
"中向";9
"中和";3
"中均";4
"中央";13
"中山";11
"中山北路";4
"中度";4
"中心";15
"中所含";1
"中所為";5
"中指";5
"中有";1
"中樞神經";1
"中毒";3
"中甲";1
"中經";2
"中線";2
"中興";2
"中華民國";65
"中華路";1
"中證";8
"中證述";7
"中間";8
"主動";8
"主因";3
"主張";8
"主義";4
"主要";10
"主觀";9
"乃論";2
"之三";10
"之上";20
"之並";4
"之中";2
"之乙";7
"之事";11
"之二";6
"之五";7
"之交";9
"之人";63
"之作";6
"之倍";2
"之刑";39
"之前";30
"之右";4
"之四";15
"之外";3
"之後";22
"之情";6
"之意";4
"之於";4
"之日起";4
"之法";2
"之法條";4
"之物";13
"之犯";20
"之理";4
"之甲";8
"之系爭";3
"之罪者";6
"之罪茲據";1
"之聲";6
"之處";10
"之虞";9
"之號";5
"之行";19
"之訴";5
"之詞";14
"之認";5
"之證述";1
"之責";1
"之重";4
"之間";16
"之際";10
"之非";3
"乘客";11
"乙種";6
"乙節";4
"九七";5
"九九";2
"九五";4
"九八";4
"九六";7
"九十";2
"九十七";8
"九十三";2
"九十九條";18
"九十六";34
"九十六年";42
"九十四年";3
"九日";2
"九時";4
"九月";4
"九條";14
"九號";4
"九頁";3
"乾燥";30
"予以";22
"事件";13
"事務";2
"事宜";3
"事後";23
"事情";2
"事故";39
"事故現場";4
"事理";3
"事由";6
"事發";9
"事證";9
"事項";7
"二七";3
"二三";4
"二上";1
"二九";3
"二二";2
"二五";12
"二人";8
"二份";1
"二八";2
"二六";3
"二分之一";11
"二十";1
"二十一日";6
"二十七日";2
"二十三日";5
"二十九";2
"二十九日";4
"二十二";1
"二十二日";4
"二十二時";4
"二十五";1
"二十五日";7
"二十八日";6
"二十六日";4
"二十分";3
"二十四日";10
"二十日";7
"二千元";11
"二年";8
"二日";2
"二時";6
"二月";8
"二本";7
"二查";7
"二核";6
"二案";20
"二案經";13
"二條";8
"二次";2
"二段";7
"二百七十";6
"二百三十";14
"二百八十";32
"二紙";2
"二至";2
"二臺";1
"二號";15
"二訊據";9
"二頁";5
"互殊";8
"互相";4
"五一";4
"五七";3
"五九";2
"五五";2
"五八";2
"五六";6
"五分";4
"五十";5
"五十公里";1
"五四";1
"五如";1
"五巷";1
"五年";12
"五日";7
"五時";1
"五月";8
"五條";8
"五百元";7
"五號";9
"五頁";3
"五點";2
"亞東";4
"交上";2
"交互";4
"交叉口";2
"交叉路口";2
"交會";2
"交簡上";14
"交訴";46
"交通";60
"交通事故";39
"交通安全";36
"交通局";2
"交通工具";2
"交通管制";1
"交通號誌";2
"交通部";6
"亦可";6
"亦屬";5
"亦經";4
"亦非";12
"人丙";5
"人乙";3
"人即";9
"人員";14
"人均";13
"人孔";1
"人應";26
"人數";4
"人有";1
"人民";4
"人為";4
"人甲";5
"人者";37
"人致";1
"人處";15
"人行";13
"人體";2
"什麼";2
"仁愛";6
"仁愛路";1
"仁愛醫院";2
"介紹";3
"仍屬";4
"仍應";8
"仍然";1
"他們";5
"他造";4
"代理人";20
"代行";1
"以上者";2
"以之作";6
"以乙";1
"以九";4
"以內";6
"以前";18
"以勵";3
"以啟";8
"以外";31
"以後";3
"以法";1
"以為";11
"以甲";2
"以示";9
"以華";3
"以行";4
"以觀";4
"以資";5
"以資懲";2
"任意";2
"任意性";11
"任職";2
"伊並";2
"伊之";1
"伊在";4
"伊所";3
"伊是";1
"伊有";8
"伊認";3
"伍拾";2
"伍月";4
"休克";1
"休息";1
"但書";5
"但經";3
"但行";3
"位於";7
"位置";14
"住處";1
"住院";3
"佐證";13
"何人";7
"何以";1
"佛教";3
"作成";23
"作為";26
"作用";4
"作證";10
"使用";8
"使甲";2
"來不及";5
"來往";2
"來時";4
"來看";2
"來車";11
"例外";3
"供承";2
"供稱";13
"供詞";5
"供述";29
"依上";15
"依其";5
"依前";12
"依卷";6
"依同";5
"依同法";37
"依憑";5
"依據";26
"依本";3
"依此";2
"依法";47
"依該";6
"依速限";1
"侵入";1
"侵害";1
"係指";12
"促使";9
"保持";13
"保護";8
"保障";4
"保險";3
"保險桿";6
"信無";6
"信義";7
"信義路";3
"信賴";3
"修正";14
"個人";4
"個別";3
"個案";2
"倒下";1
"倒地";51
"倒車";3
"倘其";8
"值為";2
"值達";4
"假執行";4
"假釋";3
"偏右";3
"偏左";3
"偏斜";3
"偏離";1
"停下";5
"停下來";9
"停放";6
"停放在";2
"停止";7
"停留";9
"停等區";4
"停車";27
"停車位";2
"停車場";1
"停車格";3
"停靠";1
"健康";4
"偵卷";19
"偵審";7
"偵查";65
"偵查權";1
"偵查終結";8
"偵緝";3
"偵續";2
"偵訊";18
"偵辦";10
"偽證";5
"偽造";5
"傳喚";7
"傳聞";15
"傳訊";6
"傳達";2
"傷勢";26
"傷及";3
"傷口";3
"傷害罪";3
"傷者";5
"傷重";4
"傾倒";2
"傾斜";3
"僅因";4
"僅憑";6
"僅有";5
"僅為";3
"僅能";3
"僑興";1
"儀器";2
"優先";2
"充足";1
"先予";8
"先前";3
"先加後減";3
"先後";4
"先生";3
"先行";28
"光復";1
"光復橋";1
"光碟";6
"光線";19
"免訴";3
"免除";1
"兒子";2
"入口";1
"入監";5
"內以";1
"內側";14
"內出血";3
"內容";13
"內應";1
"內政部";2
"內檢";4
"內江街";1
"內為";3
"內線";1
"內補";1
"全國";3
"全文";44
"全然";4
"全身";2
"全部";8
"兩人";2
"兩個";3
"兩側";5
"兩部";2
"八七";2
"八三";4
"八九";1
"八五";5
"八八";5
"八十八年";3
"八德";1
"八日";1
"八時";1
"八月";17
"八條";15
"八號";9
"八頁";3
"公共危險";51
"公共危險罪";8
"公分";17
"公務";4
"公務員";11
"公升";16
"公司";9
"公園";1
"公尺";25
"公布";19
"公眾";2
"公訴";52
"公訴人";30
"公路";1
"公路總局";2
"公車";2
"公里";13
"六七";6
"六二";3
"六五";3
"六個月";2
"六八";3
"六六";5
"六四";6
"六巷";1
"六日";3
"六時";4
"六月";16
"六條";6
"六號";10
"六頁";2
"共同";6
"共張";1
"共犯";1
"共識";1
"其上";2
"其並";4
"其人";1
"其他人";2
"其以";2
"其刑";31
"其前";3
"其受";2
"其後";5
"其應";13
"其所";10
"其所為";1
"其有";8
"其未";1
"其為";15
"其犯";3
"其行";10
"其餘";11
"具備";38
"具有";23
"具狀";9
"具結";17
"具繕";4
"具體";9
"兼衡";1
"再度";4
"再查";4
"再次";1
"再犯";25
"再行";2
"冒名";1
"冒然";1
"冒用";1
"凌晨";6
"凌晨時分";6
"凹痕";2
"凹陷";3
"出來";6
"出具";11
"出去";2
"出於";10
"出現";6
"出監";1
"出血性";1
"函及";4
"函告";1
"函文";1
"函覆";6
"函詢";3
"函附";1
"分依";1
"分則";3
"分向";6
"分局";59
"分析";23
"分許";17
"分論";11
"分鐘";3
"分開";1
"分院";4
"分隊";30
"分隔";4
"切入";1
"切勿";4
"刑並";27
"刑事案件";3
"刑事警察";2
"刑事責任";11
"刑以";2
"刑典";1
"刑分";8
"刑及";5
"刑度";9
"刑庭";2
"刑書";7
"刑期";11
"刑為";3
"刑罰";8
"刑責";1
"刑部";1
"列印";3
"初步";19
"判例";20
"判定";2
"判斷";18
"判斷力";3
"判決書";7
"判處";20
"利益";2
"利誘";3
"刮痕";2
"到場";22
"到庭";71
"到案";6
"到達";5
"制定";1
"則依";3
"則其";1
"則為";5
"則該";4
"前來";3
"前側";2
"前即";7
"前向";2
"前因";2
"前均";3
"前往";22
"前後";20
"前後左右";1
"前得";31
"前應";4
"前方";22
"前時";6
"前有";4
"前未";5
"前案";39
"前條";4
"前次";1
"前科";12
"前端";2
"前臂";4
"前行";7
"前輪";8
"前述";29
"前進";7
"前開";26
"前面";10
"前項";24
"剎車";3
"剛好";4
"割裂";1
"創傷";1
"創傷性";1
"劃分";2
"劃設";2
"劉秀君";1
"劉素";1
"劉芸";3
"功能";7
"加以";15
"加後減";1
"加油站";1
"加減";1
"加速";7
"加重";22
"動作";3
"動力交通工具";43
"動向";1
"動態";6
"動機";15
"動產";2
"勘察";7
"勘查";2
"勘驗";16
"勤務";10
"勾到";3
"勾子";1
"包含";2
"包括";17
"北交";11
"北向南";3
"北市";17
"北市警";2
"北方";2
"北縣";5
"北總內";4
"北路";2
"北鑑";4
"匝道";1
"區內";2
"十一";1
"十一日";4
"十一時";1
"十一月";7
"十七";1
"十七年";21
"十七日";2
"十三年";2
"十三日";6
"十九日";1
"十九時";1
"十二";7
"十二分";1
"十二年";3
"十二日";5
"十二時";2
"十二月";6
"十二條";4
"十五";3
"十五分";2
"十五年";6
"十五日";6
"十五條";19
"十五萬元";7
"十八年";1
"十八日";4
"十公尺";2
"十六年";3
"十六日";5
"十六條";1
"十分";9
"十四日";5
"十四條";6
"十字路口";2
"十日";27
"十時";3
"十月";7
"千元";23
"午時";12
"協助";6
"協商";2
"協調";8
"南京東路";3
"南側";1
"南向";3
"南往";2
"南路";7
"印象";4
"危及";1
"危害";15
"危險";18
"危險性";5
"即以";3
"即可";4
"即將";1
"即屬";5
"即應";10
"即時";12
"即會";1
"即為";7
"卷二";1
"卷內";4
"卷宗";4
"卷頁";3
"卸責";15
"原來";3
"原則";15
"原則上";7
"原名";2
"原告";6
"原因";21
"原定";1
"原審";20
"原應";16
"原諒";4
"參以";12
"參佰元";1
"參年";4
"參拾";3
"參月";14
"參照";46
"參考";3
"參而";1
"參與";6
"參見";13
"參諸";3
"參酌";10
"又查";3
"及丙";3
"及乙";6
"及右";5
"及待證";3
"及應";2
"及時";7
"及此";18
"及犯";1
"及甲";5
"及第";13
"友人";8
"反射";1
"反對";4
"反應";17
"反應遲鈍";2
"反而";5
"反覆";3
"反面";12
"取供";3
"取得";14
"取締";1
"取證";8
"受傷";48
"受到";10
"受命";7
"受損";6
"受損害";2
"受有";54
"受理";44
"口內";2
"口其";4
"口前";2
"口應";4
"口時";13
"口未";3
"口欲";6
"另有";4
"另案";4
"另為";6
"另行";6
"可佐";3
"可佐見";3
"可作";5
"可供";6
"可信";4
"可信性";2
"可信賴";1
"可參";4
"可得";2
"可採";6
"可查";6
"可疑";6
"可知";10
"可稽";41
"可稽且";1
"可稽揆";4
"可稽見";18
"可考";6
"可能";28
"可能性";9
"可見";3
"可言";9
"可證";14
"可資";15
"台北";7
"台北地方法院";2
"台北市";6
"台北市政府";4
"台灣";5
"台灣高等法院";3
"台語";1
"右下方";1
"右側";28
"右前";15
"右前方";11
"右小腿";5
"右後方";7
"右手";10
"右方";10
"右肘";3
"右肩";6
"右腕";3
"右腳";2
"右膝";8
"右轉";15
"右邊";3
"司機";9
"司法";6
"司法院";1
"各份";10
"各別";13
"各情";2
"各減";3
"各界";2
"各紙";3
"各該";4
"各項";4
"各類";3
"合併";9
"合先";14
"合同法";4
"合意";2
"合於";16
"合格";1
"合法";6
"合理";13
"合理性";3
"合議庭";23
"吊扣";2
"同一";6
"同上";4
"同事";4
"同前";2
"同向";21
"同年";4
"同意";22
"同方向";9
"同日";29
"同時";14
"同月";5
"同條";3
"同此";4
"同法";23
"同為";1
"同等";1
"同院";4
"名稱";4
"名義";2
"吐氣";8
"向來";3
"向前";4
"向據報";2
"向直";4
"否則";4
"否認";33
"含量";4
"吳俊龍中";1
"呂俊儒";4
"呂欣穎中";1
"呈現";2
"告發";4
"告知";17
"告訴乃論";35
"呼吸";2
"呼吸衰竭";2
"呼氣";16
"和平";4
"和平東路";2
"和平西路";2
"和解";47
"和解書";3
"和解金";4
"品行";6
"員工";3
"員警";20
"唐于";2
"唯一";2
"問你";2
"啟動";1
"啤酒";6
"喇叭";2
"喝酒";2
"喪失";8
"單一";1
"單位";5
"單及";1
"單在";1
"單影";3
"單純";2
"單行道";2
"嗣後";4
"嗣經";13
"嘔吐";6
"噁心";5
"嚴重";22
"囑託";2
"四一";1
"四七";4
"四九";1
"四二";1
"四五";3
"四八";4
"四六";4
"四十";4
"四十五分";1
"四周";1
"四四";2
"四如";2
"四據";8
"四日";6
"四時";3
"四月";15
"四核";3
"四條";38
"四段";2
"四百五十";12
"四肢";4
"四至";3
"四號";4
"四頁";2
"四點";1
"回來";2
"回到";2
"回家";3
"回答";3
"回頭";3
"因上";3
"因其";6
"因前";1
"因未";1
"因本件";9
"因果關係";33
"因為";16
"因犯";5
"因甲";4
"因疏";1
"因病";1
"因素";10
"因見";1
"因該";2
"因認";39
"困難";7
"困難者";1
"固定";5
"固有";1
"固非";6
"國家";3
"國民";6
"國泰";4
"國立";8
"國軍";6
"國道";1
"國道公路警察局";1
"國防";1
"在內";10
"在場";10
"在於";12
"在案";5
"地上";5
"地位";3
"地方";10
"地方法院";16
"地檢署";3
"地痕";7
"地面";9
"地點";20
"均屬";7
"均會";3
"均須";7
"坐在";4
"坦承";51
"坦認";6
"垃圾車";1
"執意";2
"執照";17
"執行";71
"基於";26
"基本資料";6
"基礎";12
"基隆";2
"堂上";2
"堅決";4
"堅詞";8
"堪予";5
"堪以";25
"堪認";10
"報告";32
"報告書";7
"報明";4
"報案";14
"報案人";2
"報請";21
"報警";30
"增列";2
"增加";4
"增訂";3
"墨綠";2
"壓迫";5
"士林";5
"壹仟";38
"壹年";10
"壹日";39
"壹日應";4
"外並";2
"外側";17
"外傷";19
"外出";2
"外力";2
"外得";7
"外觀";6
"外餘均";1
"多年";2
"多數";3
"多次";7
"多處";21
"多話";2
"夜間";16
"大型";8
"大學";11
"大安";14
"大安區";11
"大客車";4
"大概";3
"大約";6
"大致";11
"大隊";12
"天候";35
"天橋";1
"天氣";7
"天氣晴朗";1
"太太";1
"太快";4
"失慮";9
"失控";5
"好像";2
"如上";2
"如中";3
"如主";35
"如前";3
"如前所述";4
"如數";1
"如易";6
"如未";2
"妨害公務";1
"妨礙";2
"始得";14
"始悉";5
"始知";2
"始終";6
"姓名";14
"委員會";19
"委託";1
"姚念";2
"威士忌";2
"威脅";1
"媒體";2
"嫌三依";2
"嫌疑人";1
"子女";3
"字卷";6
"字第";3
"字號";3
"存卷";2
"存在";15
"存有";8
"孟皇本";1
"學校";2
"學歷";2
"安全";60
"安全帽";2
"安全駕駛";17
"安康路";3
"安東街";1
"安業";2
"完全";5
"完成";2
"完畢";19
"官兵";5
"定即";1
"定時";5
"定本件";1
"宜聲";3
"宜蘭";3
"客人";3
"客觀";19
"客貨車";4
"客車";14
"宣告";37
"宣導";4
"家中";3
"家境";3
"家屬";8
"家庭";7
"容有";4
"察看";16
"察覺";3
"實務";3
"實屬";3
"實施";9
"實有";4
"實業";30
"實無";4
"實質";2
"實際";4
"實難";4
"實體";16
"審判";46
"審判程序";33
"審判長";59
"審字";1
"審字第";3
"審查";2
"審理";62
"審認";2
"寬度";2
"將原";8
"專用";1
"尊重";9
"尋求";3
"對撞";3
"對方";9
"對本件";3
"對此";7
"對照";1
"對甲";1
"對象";1
"導致";20
"小型";3
"小姐";3
"小客車";57
"小心";3
"小時";5
"小貨車";7
"尚不知";2
"尚佳";6
"尚可";4
"尚屬";8
"尚有";14
"尚未";23
"尚無";14
"尚稱";3
"尚能";2
"尚難";9
"尚非";7
"就此";5
"就診";2
"就醫";11
"尺骨";2
"局部";2
"屆滿";5
"屍體";10
"履行";6
"屬實";15
"屬於";7
"山區";16
"岔口";3
"岔路";26
"工作";9
"工地";3
"工程";1
"工程處";1
"左偏";2
"左側";25
"左前";9
"左前方";9
"左右";18
"左大";1
"左小腿";2
"左後方";7
"左手";12
"左手腕";1
"左方";6
"左肘";3
"左肩";2
"左腳";3
"左膝";3
"左臉";1
"左足";1
"左踝";1
"左轉";19
"左邊";5
"差距";4
"已受";2
"已堪";5
"已如";8
"已將";5
"已屬";3
"已於";14
"已有";12
"已知";5
"已經";22
"已足";3
"已達";14
"已達成";3
"巷口";14
"巷道";1
"市區";5
"市場";3
"希望";2
"常情";7
"幫忙";2
"平常";1
"平日";12
"平穩";3
"平行";3
"平衡";8
"年內";5
"年月日時";25
"年籍";2
"年間";8
"幸未";1
"幹線";4
"幹道";1
"底盤";2
"店交";3
"庚棟";4
"庭法";23
"廈門";1
"廖純瑜中";2
"廣為";2
"延伸";2
"延至";2
"建國";3
"引擎";2
"引用";20
"引起";3
"引道";1
"弘文";2
"張勝";1
"張在";6
"張附卷";3
"強制";1
"強暴";3
"彌補";2
"彎道";2
"形成";5
"彭自青中";1
"影像";4
"影本";7
"影響";19
"往來";3
"往前";11
"往北";2
"往北方";21
"往南方";11
"往右";4
"往後";5
"往西";5
"往西方";17
"很多";5
"很大";5
"很快";7
"律師";29
"後來";14
"後側";6
"後座";4
"後方";24
"後甲";1
"後經";4
"後視鏡";5
"後輪";4
"後述";3
"後退";1
"後面";11
"徐千惠上";3
"徐永賢";1
"徐淑芬";3
"徒刑";3
"徒步";2
"得以";12
"得於";4
"得知";5
"從事";52
"從而";23
"從輕";9
"復健";2
"復興";2
"循線";20
"德國";1
"德民";1
"心存僥倖";6
"心態";5
"心理";4
"必然";3
"必要";53
"必要性";5
"必須";6
"忠孝";5
"忠孝東路";5
"快慢";2
"快車道";8
"快速";2
"念及";4
"忽然";5
"怎麼";2
"思慮";1
"思考";4
"怡君中";6
"怡秀";6
"急性";3
"急救";5
"急診";8
"性行為";4
"性質";7
"恢復";2
"悔悟";4
"悔意";7
"情並";4
"情事";69
"情二案";9
"情二案經";6
"情惟";3
"情有";9
"情業據";9
"情此";2
"情況";34
"情為";2
"情節";28
"情緒";4
"情見";2
"惟上";3
"惟依";6
"惟其";5
"惟因";3
"惟念";6
"惟本件";3
"惟查";16
"惟此";1
"惟經";5
"惟若";4
"惟該";2
"惡劣";4
"惡性";3
"想像";5
"想要";1
"意圖";7
"意思";4
"意見";26
"意見書";12
"意識";6
"愛國";1
"感染";1
"感覺";13
"慈上";2
"慈濟";3
"態度";39
"慢慢";4
"慢行";1
"慢車道";5
"憑證";3
"應予";31
"應予以";3
"應以";8
"應依到";4
"應分論";8
"應可";9
"應命";2
"應堪";9
"應將";2
"應屬";16
"應從";2
"應抄";40
"應有";6
"應減";3
"應為";4
"應由";9
"應知";5
"應訊";2
"應該";14
"應認";3
"應負";13
"應非";1
"懲儆三依";1
"懲儆據";2
"懷疑";15
"成分";2
"成本";2
"成立";6
"成都路";1
"我人";1
"我們";12
"我國";3
"我要";2
"或元";4
"或於";6
"或科";12
"所列";7
"所受";19
"所含";7
"所在";3
"所定";21
"所屬";3
"所得";3
"所指";16
"所採";2
"所提";5
"所據";1
"所有";15
"所涉";14
"所為";58
"所犯";17
"所生";17
"所知";1
"所稱";7
"所致";11
"所言";3
"所謂";13
"所證";3
"所載";26
"所辯";9
"所述";18
"所附";6
"所須";1
"所駕";4
"手冊";1
"手勢";7
"手機";2
"手段";14
"手肘";3
"手腕";2
"手臂";4
"手術";2
"打滑";3
"打電話";4
"扣案";1
"扭傷";6
"扭曲";3
"承認";26
"承辦";6
"技術";3
"把手";4
"抑制";1
"抗告";2
"折算";47
"抵達";5
"抽象";2
"拉傷";3
"拍攝";9
"拍照";6
"拖行";4
"拘束";1
"拾伍";6
"持有";3
"持續";1
"指出";7
"指印";3
"指定";2
"指揮";10
"指摘";4
"指示";13
"指稱";10
"指紋";1
"指訴";11
"指認";6
"指證";3
"指述";5
"按行";4
"按鳴";1
"挫傷";41
"捷運";1
"捷運站";2
"捺印";1
"掉落";4
"掌骨";2
"排除";12
"採三";1
"採信";32
"採取";41
"採為";7
"採證";3
"接受";29
"接獲";5
"接續";2
"接著";3
"接觸";2
"接近";6
"控制";3
"控制力";1
"推定";5
"推測";6
"推認";3
"推諉";3
"推論";3
"措施";42
"提供";7
"提出異議";2
"提及";1
"提示";8
"提起";28
"提醒";1
"提高";7
"換入";3
"換算";5
"揭事";8
"揭時";13
"揭法";3
"損傷";8
"損壞";2
"損失";6
"損害";18
"搖晃";4
"搭乘";4
"搭載";14
"搶先";2
"摔倒";5
"摔車";3
"摩托車";4
"摩擦";3
"撕裂";7
"撞倒";6
"撞傷";3
"撞及";1
"撞擊";38
"撞擊力";5
"撤回";35
"撤回告訴";39
"撤銷";19
"撥打";4
"擅自";3
"擋住";2
"擋泥板";3
"擋風玻璃";1
"操控";1
"擔任";6
"擔保";12
"據報";7
"據此";4
"擦傷";34
"擦撞";23
"擦痕";3
"擬制";6
"攔下";2
"攔停";1
"攔檢";2
"支付";3
"支線";3
"收據";1
"改以";1
"改依";8
"改判";10
"改善";2
"改用";2
"改稱";4
"改行";2
"改變";3
"改造手槍";1
"放棄";4
"政令";1
"政府";64
"故意";24
"故該";2
"效力";3
"效果";2
"救助";15
"救治";2
"救護";19
"救護車";11
"敘明";26
"敘明二上";3
"敘明據";9
"敘述";9
"教育";7
"教訓";5
"散落";1
"敦化南路";3
"整個";7
"數額";4
"文中";38
"文件";3
"文山";5
"文書";9
"文本";30
"文獻";2
"文豪";1
"斑馬線";2
"斟酌";8
"斯時";8
"新台幣";5
"新增";2
"新店";8
"新店市";7
"新法";1
"新臺幣";49
"新舊";7
"斷裂";2
"方向";50
"方向盤";3
"方式";19
"方法";14
"方面";15
"於甲";2
"施予";3
"施以";15
"施工";1
"施添";3
"施行";51
"旁邊";13
"旋即";9
"既屬";2
"既有";10
"既考";2
"日內";1
"日如";1
"日常";2
"日期";39
"日本";4
"日經";3
"日間";20
"旨並";3
"明俊";8
"明在";4
"明定";3
"明知";28
"明確";28
"明顯";17
"昏迷";1
"易字";5
"易科罰金";47
"春鈴";6
"是否";26
"是從";8
"時並";6
"時之證述";1
"時乙";2
"時以";3
"時供";5
"時候";9
"時其";3
"時分";35
"時分秒";2
"時則";3
"時即";13
"時及";5
"時因";8
"時地";1
"時均";9
"時始";2
"時將";2
"時屬";1
"時應";29
"時所";5
"時所為";6
"時明";12
"時有";8
"時未";6
"時本應";13
"時為";5
"時甲";6
"時疏";2
"時知";17
"時竟";3
"時結";3
"時經";4
"時自應";2
"時許";10
"時該";1
"時證";10
"時證述";12
"時速";9
"時間";43
"晏如上";3
"晚間";16
"普通";7
"晴天";6
"晴有";2
"智上";1
"智識";21
"暫停";13
"曉得";4
"曉郁中";4
"更換";1
"書影";1
"書狀";10
"書記";1
"書面";23
"書面報告";1
"最低";2
"最後";8
"最輕本";1
"最重";3
"最高";5
"最高法院";31
"會議";1
"月並";3
"有人";7
"有何";32
"有利";13
"有利於";14
"有前";2
"有卷";5
"有如";11
"有所";14
"有效";1
"有沒有";1
"有無";18
"有疑";6
"有罪";30
"有輛";4
"有違";3
"有關";9
"有限公司";9
"有點";4
"朋友";7
"服刑";4
"服務處";2
"服勞役";6
"服用";17
"朗讀";2
"期日";10
"木柵";3
"未予";7
"未及";9
"未據";5
"未曾";22
"未有";3
"未洽";8
"未留下";9
"未經";18
"未能";14
"未見";3
"未遂犯";2
"未達";2
"末查";2
"本人";2
"本來";4
"本刑";7
"本庭";1
"本應";20
"本條";1
"本次";5
"本身";9
"李家";2
"李桂英";1
"李福榮";1
"杜慧玲";2
"東向西";5
"東西";1
"東路";2
"松仁";1
"松山";6
"板橋";7
"林森北路";2
"柏油";27
"某處";3
"柒月";5
"查字";2
"查悉";5
"查本件";8
"查無";17
"查獲";22
"查看";18
"查知";5
"查詢";8
"查證";11
"核其";9
"核屬";1
"核無";7
"核符";2
"核退";1
"根據";4
"根本";4
"桃園";5
"案卷";1
"案犯";1
"案發";22
"案發前";7
"案發地點";8
"案發後";11
"案發時";11
"案發現場";6
"案經";1
"案經乙";1
"案號";18
"條一";6
"條之";6
"條件";10
"條例";30
"條分";6
"條文";12
"條第款";2
"條第項";4
"條規";10
"椎間盤";1
"楊冀華";3
"楊智綸";1
"楊盈茹中";1
"業務";55
"業務過失傷害";28
"業務過失致死罪";4
"業如";6
"業已";9
"業據";10
"業於";4
"業經";25
"榮民";6
"構成";14
"樓上";8
"標準";46
"標示";4
"標線";9
"標誌";11
"模擬";2
"模糊";2
"橈骨";3
"橋墩";1
"機器";1
"機會";2
"機械";5
"機能";3
"機車騎士";8
"機關";15
"橫向";2
"橫越";3
"橫跨";1
"檢字";3
"檢察";2
"檢查";8
"檢測";12
"檢視";3
"檢警";1
"檢附";6
"檢驗";7
"權之";2
"權利";2
"權益";7
"權限";1
"欠佳";4
"欠缺";5
"款項";2
"正前方";2
"正反面";3
"正常";12
"正常人";2
"正時";2
"正當";1
"正確";4
"正確性";2
"正面";2
"此一";10
"此情";2
"此據";1
"此時";7
"此有";43
"此次";3
"此為";3
"此種";1
"此經";4
"此致";2
"此觀";2
"此項";2
"步伐";3
"步態";4
"步行";4
"歸屬";2
"歸責";1
"死亡";14
"死傷";26
"死刑";4
"死罪";8
"死者";10
"死角";2
"段巷";1
"段號";3
"毀損";8
"母親";2
"毒品";16
"比對";5
"比較";15
"毫克";17
"毫無";4
"毫無悔意";6
"民事";12
"民事訴訟";10
"民權東路";2
"民生東路";2
"民眾";7
"氣胸";1
"水泥";3
"永吉";1
"汀州";1
"江貞諭";2
"決定";4
"決議";2
"汽車";48
"沒收";1
"油門";1
"治療";4
"沿同";1
"沿該";2
"況且";4
"法令";2
"法則";13
"法務部";4
"法官";76
"法定";13
"法定代理";4
"法定程序";7
"法庭";26
"法律";39
"法條";7
"法益";2
"法規";4
"法醫";8
"法院";42
"注意力";2
"泰寧";2
"派出所";5
"消防局";2
"涉嫌";4
"涉有";8
"涉犯";19
"深具";1
"深坑鄉";2
"深表";2
"混惑";4
"清上";1
"清償";2
"清單";9
"清晨";2
"清晰";10
"清楚";8
"清醒";3
"減低";3
"減其";15
"減刑";30
"減少";9
"減弱";2
"減得";5
"減慢";1
"減損";1
"減為";27
"減輕";23
"減速";9
"減速慢行";9
"測定";8
"測得";12
"測試";16
"測量";1
"游士";3
"準備";36
"準據法";1
"準用";3
"滑倒";3
"滑行";6
"漠視";3
"潘文賢中";1
"潛在";2
"濃度";3
"濕潤";5
"灼然";4
"為何";2
"為業";20
"為準";38
"為當";2
"為號";6
"為證";2
"為警";9
"為限";10
"無不";7
"無何";11
"無前科";5
"無可";9
"無名";1
"無從";11
"無悔";2
"無據";2
"無效";2
"無期徒刑";5
"無法";25
"無照駕駛";4
"無疑";6
"無罪";20
"無訛";8
"無誤";3
"無論";15
"無證據";23
"無速限";1
"無關";4
"無障礙";4
"無非";13
"無顯";2
"然依";4
"然其";8
"然因";2
"然後";7
"然查";6
"煞停";4
"煞車";21
"煞避";3
"照後鏡";2
"照明";18
"照片";55
"照鏡";4
"照顧";3
"熟悉";1
"燈光";14
"燈號";5
"燙傷";1
"營業";30
"爭執";23
"父親";2
"牙齒";1
"物品";1
"物理";4
"物體";2
"特定";1
"特殊";4
"牽連";2
"犯上";21
"犯不以";1
"犯人";4
"犯意";18
"犯應";3
"犯有";2
"犯本件";2
"犯法";9
"犯行";66
"犯行且";3
"犯行並";4
"犯行洵";4
"狀並";2
"狀份";5
"狀及";2
"狀態";16
"狀應";3
"狀未";1
"狀況";63
"狀紙";1
"狀附卷";1
"狡辯";5
"獨任";5
"獨立";2
"獲並";1
"獲報";1
"獲得";4
"率為";2
"王月";1
"王育珍";2
"王鑫健";2
"玖佰元";1
"玻璃";2
"珊中";3
"現在";4
"現場";57
"現場圖";60
"現役";1
"現行";1
"現象";4
"理念";5
"理應";5
"琪媛";3
"瑕疵";17
"環境";4
"瓊中";2
"甚大";1
"甚明";19
"甚明且";4
"甚為";2
"生命";13
"生命財產";4
"生效";7
"生活";15
"生理";9
"產生";10
"用以";6
"用來";3
"由丙";3
"由乙";1
"由北";5
"由北向南";1
"由南";5
"由南向北";3
"由於";2
"由東";10
"由東向西";6
"由甲";6
"由西向東";2
"甲種";2
"申請";1
"申述";1
"留下";11
"留在";5
"留存";5
"留意";2
"留有";1
"畢業";2
"略以";33
"略稱";1
"畫面";10
"異常";2
"異常現象";3
"異議";23
"當事人";32
"當地";1
"當場";27
"當天";10
"當庭";24
"當日";22
"當無";3
"當然";1
"當知";4
"疏失";2
"疏於";15
"疏未";9
"疑似";8
"疲勞";2
"疼痛";3
"疾病";4
"病情";1
"病歷";8
"病變";2
"症候群";2
"症狀";5
"痕跡";11
"瘀傷";3
"瘀血";3
"癱瘓";1
"癲癇";2
"登記";7
"發作";2
"發現";32
"發生";63
"發見";6
"發覺";21
"白線";1
"白色";2
"百元";27
"百分之";6
"百分之零點";2
"百十條";2
"百零";20
"的話";1
"皮下";2
"益證";3
"監獄";3
"監理";2
"監理所";2
"監理站";2
"監視";5
"監視器";6
"盤查";1
"目前";5
"目擊";10
"目的";21
"目睹";6
"直接";17
"直線";2
"直行";20
"相互";5
"相同";10
"相字";5
"相對";4
"相撞";4
"相片";2
"相當";38
"相當程度";3
"相符";45
"相符合";1
"相關";13
"相類";15
"相驗";11
"看出";3
"看到";26
"看清";1
"看見";10
"看護";2
"真實";20
"真實性";5
"瞬間";3
"矢口否認";19
"知悉";13
"知所";5
"知道";15
"短暫";6
"石場";1
"砂石車";2
"研判";24
"研究";5
"研究所";4
"破壞";2
"破損";6
"破裂";4
"碎片";2
"碧潭";2
"碰到";4
"碰撞";31
"確係";5
"確信";14
"確因";4
"確定";31
"確實";14
"確屬";3
"確有";26
"確洵";2
"確為";3
"確與";3
"確認";11
"確證";2
"碾壓";1
"社會";15
"神智不清";2
"神經";1
"禁止";5
"福興";2
"禮讓";5
"科刑";30
"科罰";3
"秒鐘";1
"秩序";8
"移動";3
"移請";2
"移送";7
"程序";43
"程度";45
"程式";2
"程暉";6
"種類";3
"稱伊";2
"稽查";1
"積極";20
"積水";3
"穩定";3
"究竟";3
"空言";3
"空間";1
"穿越";10
"穿越道";1
"突然";18
"突發狀況";1
"突見";1
"竊取";1
"竊盜";2
"竊盜罪";1
"立即";13
"立法";11
"竟因";5
"竟於";7
"竟未";14
"竟疏";51
"競合";4
"符合";17
"第一";19
"第一七";1
"第一二";3
"第一八";1
"第一審";43
"第一條";17
"第一次";2
"第一款";10
"第一百";6
"第一百五十";13
"第一百五十四條";4
"第一百八";19
"第一項";44
"第七";14
"第七十四條";6
"第七條";9
"第七款";2
"第三";44
"第三十";3
"第三款";28
"第三項";14
"第之條";2
"第九";19
"第九條";8
"第二十";6
"第二十三";2
"第二審";17
"第二條";11
"第二款";8
"第二百";18
"第二項";30
"第五";15
"第五十一條";5
"第五款";6
"第八";16
"第六";19
"第十";12
"第十一";14
"第十七";5
"第十三";8
"第十九";4
"第十二";3
"第十五";10
"第十八";4
"第十六";10
"第十四";8
"第四";17
"第四五";2
"第四十一條";14
"第四十七條";2
"第四十二條";4
"第四頁";2
"第四項";2
"第條定";4
"第次";2
"第款";53
"第款定";8
"第至";3
"第至頁";10
"第號上";10
"第號經";2
"第行";1
"第頁";31
"第頁則";3
"筆錄";60
"等件";7
"等候";2
"等到";1
"等待";5
"等情";19
"等於";6
"等語";37
"管制";5
"管束";2
"管理";11
"管轄";15
"範圍";9
"簡字";24
"簡式";14
"簡易";24
"簡易程序";2
"簡稱";7
"簡逸";1
"簽名";2
"精神";15
"精神狀態";4
"系爭";7
"紀念";4
"紅燈";12
"紅綠燈";6
"紅線";1
"紅色";2
"紙在";3
"素行";21
"素霜中";1
"累犯";14
"結束";1
"結果";35
"結論";2
"結證";3
"絕對";3
"給予";8
"給付";7
"統一";8
"經丙";4
"經乙";6
"經合";2
"經查";46
"經核";14
"經此";11
"經濟";4
"經甲";19
"經警";17
"經送";7
"經過";25
"經驗";7
"綜上";15
"綜上所述";26
"綜合";13
"綜此";1
"綠燈";13
"綦詳";5
"維持";8
"維護";8
"緊急";6
"緊靠";2
"編所定";2
"編未";2
"編號";10
"緩刑";19
"緩慢";2
"縱有";4
"總會";1
"總統";4
"總醫院";7
"繪製";8
"繳納";2
"繼續";11
"纖維";1
"缺乏";2
"缺陷";41
"罪刑";5
"罪及";2
"罪名";8
"罪嫌";23
"罪犯";36
"罪經";1
"罪處";5
"罪行";3
"罪證";6
"罪責";7
"置辯";8
"罰鍰";1
"羅斯福";1
"羈押";2
"美國";1
"義務";18
"義盛中";3
"翁禎";3
"翌日";9
"習慣";2
"翻覆";2
"考見";3
"考量";8
"考領";3
"而來";4
"而將";2
"而屬";3
"而於";8
"而本件";2
"而甲";1
"而經";14
"而致";4
"而認";3
"而願";2
"耕莘醫院";2
"聯合";18
"聯單";4
"聯絡";12
"聲明";28
"聲請";27
"聲音";9
"聲響";5
"職務";68
"職業";5
"職權";18
"聽到";9
"聽取";5
"聽聞";3
"聽見";4
"肆月";11
"肇事";64
"肇事人";23
"肇事者";16
"肇事逃逸罪";21
"肇致";1
"肋骨";4
"肌肉";4
"股份";7
"股骨";1
"肢體";2
"肩膀";1
"肩部";1
"肱骨";1
"育君中";1
"背部";3
"背面";9
"胸壁";2
"胸椎";1
"胸部";4
"能力";39
"脅迫";3
"脊髓";2
"脛骨";2
"脫位";1
"脫臼";1
"脫落";2
"腦出血";1
"腦膜";3
"腦震盪";4
"腫脹";1
"腰椎";3
"腰部";3
"腳踏車";5
"腳踝";2
"腹部";1
"膝蓋";1
"膝關節";2
"臉部";7
"臨時";3
"自上址";1
"自以";1
"自其";1
"自動";4
"自對";2
"自小";16
"自屬";7
"自得";13
"自應";28
"自我";4
"自承";9
"自承為";3
"自新";4
"自新據";7
"自明";2
"自有";14
"自無";5
"自然";17
"自然光";1
"自用";38
"自由";9
"自白";29
"自稱";1
"自行";6
"自該";1
"自難";5
"自首";27
"至交";7
"至今";3
"至於";17
"至為";3
"至該";1
"至頁";2
"致丙";3
"致乙";10
"致人";41
"致使";8
"致其";8
"致受";3
"致撞";3
"致死";5
"致生";6
"致甲";16
"臺上";15
"臺中";2
"臺北";22
"臺北區";2
"臺北市立";18
"臺北縣";19
"臺北醫學";2
"臺大醫院";2
"臺灣省";4
"與丙";6
"與乙";6
"與其";9
"與甲";5
"興隆路";1
"舉發";11
"舉證責任";2
"舊法";2
"良好";51
"芳華";1
"茲將";6
"茲據";19
"草圖";1
"菁菁";2
"華上";3
"華中";7
"萬元";24
"萬芳醫院";5
"萬華";6
"萬華區";3
"落差";1
"葉子";2
"葉宜玲中";2
"葉潔";3
"葉雅婷";4
"著有";5
"蒞庭";1
"蔡立文";3
"蕭詩穎中";7
"藍色";1
"藥品";15
"處分";3
"處刑";25
"處如";1
"處年";7
"處所";2
"處斷";2
"處於";5
"處時";1
"處有";2
"處理";51
"處罰";14
"虛偽";6
"號之";6
"號函";2
"號前";5
"號卷";1
"號樓";1
"號聲";4
"號自";1
"號號";20
"號誌";20
"蛇行";1
"蜘蛛";2
"蜘蛛網";3
"血液";7
"血糖";2
"血腫";5
"血跡";2
"行並";1
"行事";7
"行人";15
"行人穿越";8
"行使";7
"行前";1
"行動";4
"行向";3
"行堪以";8
"行政";3
"行政院";6
"行時";3
"行洵";4
"行為";54
"行為致";2
"行經";68
"行至";16
"行走";11
"行車";37
"行近";2
"行進";19
"街交";2
"街口";9
"街巷";4
"街號";1
"衛生署";1
"衝出";2
"衝撞";7
"衡情";4
"衡諸";7
"衡量";2
"衣服";4
"表一";10
"表上";2
"表二";2
"表份";6
"表及";11
"表可";2
"表可稽";2
"表在";29
"表明";11
"表示";38
"表等";3
"表等件";4
"表紙";7
"表見";7
"表達";2
"表附卷";7
"衰竭";1
"被害";5
"被訴";22
"裁判";31
"裁定";16
"裁量";4
"裂傷";5
"補充";44
"補強";4
"補提";5
"製作";24
"西向東";6
"西園路";1
"西往東";16
"西路";1
"要件";17
"要旨";9
"要求";5
"要過";3
"覆議";9
"見到";3
"見同";1
"見狀";16
"見聞";3
"見解";3
"規則";33
"規範";6
"視力";2
"視為";18
"視線";12
"視覺";3
"視距";41
"親身經歷";3
"覺得";3
"觀之";2
"觀察";13
"觀念";4
"觀看";3
"觀諸";4
"角度";3
"解免";3
"解剖";1
"解釋";6
"觸犯";14
"言詞";22
"言語";4
"計程車";15
"計程車司機";12
"計算";40
"訊問";22
"記下";15
"記得";2
"記憶";13
"記載";28
"記錄";3
"記錄表";5
"設有";10
"設置";3
"許因";2
"許在";13
"許翠燕中";4
"許至";3
"訴由";1
"訴訟";26
"訴請";6
"診斷";50
"診斷書";3
"診療";5
"詐欺";3
"評價";2
"詰問";10
"該交";1
"該地";4
"該巷";2
"該會";3
"該條";7
"該署";3
"該處";30
"該行";2
"該證據";2
"該路";1
"該車";19
"該院";2
"該項";3
"詳且";4
"詳如";12
"詳細";8
"詳見";5
"詹慶";2
"認以";4
"認其";8
"認前";2
"認原";2
"認定";68
"認應";3
"認所";4
"認有";9
"認本件";2
"認為";36
"認為並";1
"認知";6
"認罪";3
"認該";2
"認證";5
"認識";5
"語二";7
"語參";1
"語見";19
"誠意";1
"誤會";3
"誤認";4
"誤載";5
"說明";45
"說服";3
"說話";2
"調查";33
"調查報告";50
"調解";2
"調解書";2
"調閱";4
"談話";42
"請求";50
"諒解";2
"論據";12
"論科";9
"論科三核";3
"論科二";6
"論科二核";8
"論罪";55
"論處";9
"諸上";8
"諸前";16
"諸首";3
"謙中";3
"講話";2
"謹慎";5
"證人";50
"證據";57
"證據不足";11
"證明書";52
"證稱";16
"證見";1
"證言";14
"證詞";17
"證述";15
"警員";25
"警察";27
"警察局";63
"警局";3
"警惕";17
"警攔";3
"警政署";2
"警方";17
"警訊";5
"警詢";25
"護欄";2
"變形";1
"變成";1
"變換";12
"變更";6
"變造";5
"豪達中";2
"負擔";5
"負有";3
"負責";8
"財團法人";12
"財產";2
"貨幣";4
"貨車";7
"貪圖";1
"責任";24
"貴陽";1
"費用";4
"貿然";39
"資以";2
"資源";2
"資為";7
"賠償";27
"賠償被害人";5
"質疑";3
"賴淑美上";2
"走向";1
"起來";5
"起日";1
"起步";7
"起至";5
"起訴";53
"起訴書";34
"起點";2
"超越";8
"超速";7
"超過";12
"越過";2
"足以";10
"足以認定";5
"足稽";5
"足見";13
"足認";18
"足證";7
"足資";11
"足踝";1
"跌倒";9
"距交";3
"距離";29
"跡證";4
"跡象";3
"跨越";4
"跨越雙黃線";5
"路上";15
"路交";1
"路人";22
"路北";1
"路南";4
"路口";23
"路口處";1
"路旁";5
"路時";1
"路東";1
"路權";2
"路段";38
"路況";2
"路由";13
"路線";3
"路邊";8
"路面";45
"踩油門";3
"身上";2
"身分";6
"身分證";6
"身心";3
"身體";19
"軀幹";1
"車主";6
"車子";21
"車尾";11
"車況";2
"車流量";1
"車燈";2
"車牌";8
"車牌號";2
"車牌號碼";55
"車禍";53
"車窗";5
"車行";7
"車身";22
"車輛";55
"車輪";4
"車速";13
"車門";7
"車體";4
"軍事";1
"軍人";1
"較慢";3
"載客";9
"載明";2
"載送";4
"載運";4
"輔佐";2
"輔助";1
"輔導";5
"輕到";1
"輕型";8
"輕度";3
"輕微";9
"輕忽";1
"輕本刑";2
"輕重";3
"輛之";6
"輪胎";7
"輾壓";2
"轉來";2
"轉入";1
"轉出";2
"轉向";2
"轉彎";22
"轉換";2
"轉為";4
"轉而";5
"轉述";5
"轉過";2
"辦法";3
"辦理";3
"辨識";2
"辯稱";39
"辯解";5
"辯論";33
"辯護";2
"辯護人";41
"辯顯";3
"迄今";7
"迄未";6
"迄至";6
"近端";1
"返回";6
"返家";3
"迴轉";6
"追加";1
"追撞";13
"追查";10
"追究";4
"追訴";5
"追逐";1
"退除役";5
"送到";2
"送往";6
"送貨";2
"送醫";7
"送醫急救";6
"逃逸";34
"逃避";3
"逃離";11
"逆向";4
"逆向行駛";3
"透過";4
"逐一";4
"逐漸";3
"途中";3
"途經";19
"逕自";8
"逕行";17
"這個";3
"這樣";5
"通化街";2
"通報";4
"通常";18
"通知";22
"通緝";2
"通行";6
"通過";19
"速度";17
"速限";2
"速限為";1
"造成";41
"連續";2
"逮捕";4
"週知";2
"週遭";1
"進入";11
"進出";1
"進去";1
"進而";6
"進行";18
"遇有";3
"運作";4
"運動";3
"運輸";5
"運送";2
"過低";6
"過來";16
"過去";4
"過失";49
"過失犯罪";1
"過失致死";11
"過失致死罪";5
"過失重傷害罪";2
"過快";2
"過程";19
"過重";1
"過量";2
"道且";2
"道並";1
"道中";1
"道數";1
"道歉";2
"道致";3
"道路";47
"道路交通";22
"道路交通事故";60
"道路交通管理處罰條例";10
"道間";2
"達到";12
"達成";41
"違反";26
"違法";18
"違背";7
"違規";16
"違誤";7
"遠端";1
"適乙";4
"適有";21
"適有乙";3
"適有甲";2
"適為";2
"適用";33
"適甲";3
"適當";37
"遭乙";1
"遭到";4
"遭受";3
"遵守";15
"選任";27
"遺棄";12
"遺留";4
"避免";12
"避煞";2
"還是";7
"還有";1
"邊緣";4
"那位";2
"那個";4
"那時";3
"那裡";3
"那邊";4
"部位";11
"部分";67
"郭昭吟";2
"郭錦賢中";2
"郭韋志";1
"鄭雅";1
"配偶";1
"酒味";3
"酒後駕車";13
"酒測";5
"酒精";10
"酒精濃度";18
"酒醉";15
"酒類";17
"酒駕";1
"醫學";3
"醫學院";9
"醫師";12
"醫生";4
"醫療";7
"醫院";50
"重傷";36
"重型";48
"重大";11
"重度";1
"重心";1
"重機";7
"量刑";16
"金山";1
"金額";9
"針對";4
"鈴容中";3
"鈴芬中";2
"銀元";6
"鋪裝";1
"鋪設";3
"錄影";7
"錄影帶";2
"錄音";2
"錯亂";3
"錯誤";6
"鎖骨";5
"鏡頭";2
"鑑字";3
"鑑定";25
"鑑定人";5
"鑑定書";6
"鑑識";2
"長庚";2
"長度";5
"長期";2
"長達";5
"門口";2
"門診";2
"門齒";1
"閃煞";4
"閃避";13
"閃避不及";18
"閉鎖";9
"開事";3
"開二";7
"開交";7
"開卷";2
"開啟";2
"開如";1
"開始";7
"開封";1
"開庭";1
"開放性";5
"開時";24
"開法條";3
"開證";4
"開警詢";4
"開車";28
"間接";10
"間距";2
"間隔";6
"闖入";3
"闖紅燈";3
"闖越";1
"關係";4
"關於";13
"關節";2
"關聯性";6
"關閉";2
"闡釋";1
"防止";8
"防禦";2
"防護";1
"阻擋";1
"阻礙";1
"附件";23
"附卷";44
"附帶";11
"附此";19
"附表";1
"附設";11
"附載";4
"附近";14
"附錄";58
"附隨";2
"降低";5
"限制";11
"限速";1
"院區";16
"除應";3
"除擬";2
"除有";5
"除顯";7
"陰天";1
"陳述";50
"陸月";16
"陸海空軍刑法";1
"隔並";6
"障礙";6
"障礙物";38
"隨之";1
"隨即";18
"隨後";2
"隨時";39
"隱避";2
"雖不以";9
"雖以";5
"雖均屬";1
"雖屬";6
"雖有";5
"雖未";1
"雖為";4
"雖然";4
"雖經";1
"雖認";2
"雙向";4
"雙方";8
"雙腳";1
"雙膝";3
"雙黃線";3
"離去";19
"離開";17
"難以";11
"難治";2
"難認";3
"難謂";4
"雨天";4
"零時";1
"零點";5
"電腦";1
"電話";10
"需要";3
"靜君中";2
"靜止";2
"非字";2
"非屬";2
"非常";5
"非輕";5
"非輕且";2
"非難";3
"靠右";3
"靠近";7
"靠邊";2
"面前";4
"韋志";1
"韌帶";2
"頂替";3
"項定";15
"項後段";5
"項目";2
"順行";1
"須依";4
"須附繕";2
"預伴";1
"預期";2
"預見";6
"領有";9
"頭撞";3
"頭皮";5
"頭與";5
"頭處";3
"頭遂";2
"頭部";25
"頷骨";3
"頸椎";2
"頸部";3
"額為";4
"顏色";1
"顏面";2
"願受";1
"願意";10
"類似";5
"顯乏";1
"顯屬";4
"顯已";3
"顯有";27
"顯無";4
"顯然";8
"顯示";22
"顯著";2
"顯見";9
"顯非";1
"顱內出血";7
"顱骨";7
"顳葉";1
"顴骨";4
"風險";2
"飛出去";2
"飲料";3
"飲用";14
"飲酒";13
"飾詞";9
"餐廳";1
"首開";11
"馬上";3
"馬偕紀念";6
"馬路";3
"駁回";16
"駁回上訴";2
"駕機";2
"駕照";6
"駕車";54
"駕駛座";9
"駛來";3
"駛入";12
"駛出";2
"駛至";6
"駛離";9
"騎乘";59
"騎士";5
"騎樓";2
"騎車";7
"驗傷";5
"驗斷";6
"驟然";1
"骨幹";1
"骨折";33
"骨盆";1
"體溫";2
"體能";3
"高中";1
"高度";4
"高怡修";6
"高架橋";2
"高等法院";40
"高速";1
"高速公路";3
"高達";3
"麗津中";1
"麻痺";2
"麻醉";15
"黃燈";2
"黃色";3
"黑色";3
